,GTGACA,CAGATC,TGTCAC,CTTCGA,TCGATC,TCACAG,TGCAAC,CTCAGA,GTGATC,TCTGAG,TCCTAG,TCTGCA,TCGAAG,CTCATG,ACTCGA,CACTAG,TCGACA,AGTGTC,TGCATG,CATGTC,TGAGAC,AGCTTC,CATGCA,ACTCTG,CTAGGA,AGCTAG,TGCAGA,CTGTAC,ACGTAC,ACGTTG,CTGTGA,GTTGCA,ACAGTG,ACGTGA,AGTGCA,CTAGTG,GTACTC,TGTCGA,CATGAG,AGGATC,GAGTAC,ACCATG,GACATG,GTACCA,GATCGA,GTACAG,TGGTAC,AGACTC,GATCTG,CTAGAC,GTCTAG,GTCTCA,AGCTCA,GATCAC
WBGene00019001,0,0,0,0,0,0,0,0,0,0,0,0,0,0,0,0,0,0,0,0,0,0,0,0,0,0,0,0,0,0,0,0,0,0,0,0,0,0,0,0,0,0,0,0,0,0,0,0,0,0,0,0,0,0
WBGene00012722,0,0,0,0,0,0,0,0,0,0,0,0,0,0,0,0,0,0,0,0,0,0,0,0,0,0,0,0,0,0,0,0,0,0,0,0,0,0,0,0,0,0,0,0,0,0,0,0,0,0,0,0,0,0
WBGene00012458,1160,955,932,1683,1220,842,1396,1236,664,1201,949,1139,1742,1255,905,1280,1420,925,1096,1026,726,1404,1329,978,1256,1375,1093,1850,1805,1186,679,1071,1725,1238,1596,1100,1229,1365,1155,334,0,1146,3,1054,2255,1598,2183,844,3,1237,1448,1830,1290,2525
WBGene00012459,0,0,0,0,0,0,0,0,0,0,0,0,0,0,0,0,0,0,0,0,0,0,0,0,0,0,0,0,0,0,0,0,0,0,0,0,0,0,0,0,0,0,0,0,0,0,0,0,0,0,0,0,0,0
WBGene00001686,197,227,170,336,319,152,350,288,143,353,21,254,505,297,235,363,357,214,287,338,172,340,309,13,267,341,10,472,383,373,101,252,424,281,332,258,312,231,334,67,0,281,0,249,448,365,658,253,1,296,459,485,318,600
WBGene00000110,562,371,423,702,581,490,564,520,298,625,453,588,894,99,478,612,794,417,495,447,434,603,126,456,654,693,463,706,684,341,291,381,705,386,637,474,134,622,594,213,0,619,2,425,1163,735,1161,545,1,564,680,701,572,1234
WBGene00014203,14,9,10,15,15,12,16,12,6,16,13,27,14,16,12,17,37,12,18,18,13,22,24,9,16,16,13,17,25,17,8,19,27,23,27,14,14,16,20,4,0,24,0,29,11,26,36,9,0,18,14,23,13,26
WBGene00014205,57,68,62,120,76,67,99,102,42,106,58,90,103,90,83,108,86,42,65,78,69,84,102,86,82,101,83,123,107,80,45,86,111,78,76,81,82,61,86,21,0,88,0,65,127,84,139,67,0,96,93,155,106,199
WBGene00015101,0,0,0,0,0,0,0,0,0,0,0,0,0,0,0,0,0,0,0,0,0,0,0,0,0,0,0,0,0,0,0,0,0,0,0,0,0,0,0,0,0,0,0,0,0,0,0,0,0,0,0,0,0,0
WBGene00011474,212,118,144,20,120,166,208,173,73,234,159,141,213,169,180,33,195,135,180,162,112,167,299,169,194,287,207,259,241,246,97,144,216,180,274,141,152,153,271,57,0,244,0,156,226,146,376,181,0,225,192,8,181,324
WBGene00010665,1396,1174,1206,2073,1565,1309,1853,216,828,1644,1092,1699,2357,1685,1359,1759,2175,1431,1566,203,924,1623,2021,1451,1510,1604,1578,1994,2224,1764,748,1316,2284,1766,1908,1341,1380,1829,1726,421,0,1482,2,1217,2434,2010,2607,1086,1,1543,212,2273,1660,2938
WBGene00000115,1809,1944,2306,4267,1896,1476,3146,2984,819,2481,1775,1792,2446,1891,2242,3361,2634,1026,1692,1807,1804,2888,2942,1573,3442,2463,3180,4024,2849,3043,1202,2284,2618,2936,2891,2198,1351,1862,2688,693,1,1455,4,2562,4970,2235,4963,2669,1,4140,2363,4342,3424,6990
WBGene00000481,12,0,0,2,1,7,1,0,0,1,3,5,2,3,6,3,1,1,1,2,1,6,1,8,1,3,2,1,11,1,1,4,5,2,3,2,3,4,4,3,0,5,0,3,0,1,4,3,0,3,4,1,0,7
WBGene00006756,17,3,1,5,1,5,4,2,4,9,4,15,4,7,14,6,3,1,2,8,4,2,11,8,1,2,4,11,12,12,0,11,13,10,12,4,2,8,12,2,0,7,0,4,4,3,9,5,0,4,6,8,4,3
WBGene00008506,510,651,658,1029,480,369,881,852,333,691,712,2583,610,1003,739,1227,662,969,1317,967,450,774,1550,665,771,1035,872,1276,3189,801,320,628,958,888,1062,842,630,1741,933,219,1,1365,2,529,931,703,1463,665,0,851,819,927,853,1434
WBGene00007108,432,223,301,369,208,363,393,275,164,278,267,358,308,348,315,454,354,95,92,269,287,248,490,219,329,319,303,458,656,332,203,258,354,269,408,302,272,422,371,90,0,149,0,201,338,233,527,269,0,357,303,415,371,705
WBGene00194673,0,0,0,0,0,0,0,0,0,0,0,0,0,0,0,0,0,0,0,0,0,0,0,0,0,1,0,0,0,0,0,0,0,0,0,0,0,0,0,0,0,1,0,0,0,0,0,0,0,0,0,0,0,0
WBGene00014001,0,0,0,0,0,0,0,0,0,0,0,0,0,0,0,0,0,0,0,0,0,0,0,0,0,0,0,0,0,0,0,0,0,0,0,0,0,0,0,0,0,0,0,0,0,0,0,0,0,0,0,0,0,0
WBGene00004419,2905,2303,2245,5164,3004,1463,4269,4216,1495,2620,2399,2874,4450,2710,2880,4286,4781,1210,1690,2302,2289,2647,3573,2393,4195,3010,3145,4857,3819,3246,1575,2429,4307,3851,3650,2454,2565,3218,3266,1213,0,2063,5,3514,5921,3664,6824,2198,4,4097,3270,3841,3049,6821
WBGene00021286,985,385,453,545,281,599,601,410,162,484,283,145,417,561,323,377,568,471,686,532,307,459,1117,369,417,415,433,925,294,406,324,328,329,348,502,310,386,105,526,136,0,848,1,390,635,377,1426,438,0,549,333,635,536,1021
